time,open,high,low,close
2019-02-01,166.51,167.12,163.3,165.4
2019-02-04,165.4,166.49,163.94,166.48
2019-02-05,166.48,167.53,165.53,167.49
2019-02-06,167.49,167.49,165.7,166.21
2019-02-07,166.21,167.69,165.31,167.54
2019-02-08,167.54,168.11,166.71,167.7
2019-02-11,167.7,168.32,167.44,168.07
2019-02-12,168.07,168.25,166.35,166.9
2019-02-13,166.9,168.01,166.19,167.87
2019-02-14,167.87,169.15,167.58,168.62
2019-02-15,168.62,169.55,168.51,169.48
2019-02-19,169.48,170.04,169.07,169.66
2019-02-20,169.66,169.66,167.41,168.54
2019-02-21,168.54,168.89,166.96,168.77
2019-02-22,168.77,170.45,168.53,169.78
2019-02-25,169.78,170.27,168.18,168.4
2019-02-26,168.4,169,167.68,168.03
2019-02-27,168.03,168.23,166.08,167.38
2019-02-28,167.38,169.85,166.88,167.89
2019-03-01,167.89,168.15,165.72,167.68
2019-03-04,167.68,168.48,166.4,168.37
2019-03-05,168.37,169.45,168.09,168.8
2019-03-06,168.8,169.48,168.13,168.37
2019-03-07,168.37,169.73,167.71,168.24
2019-03-08,168.24,169.08,167.59,168.44
2019-03-11,168.44,171.1,168.44,171.03
2019-03-12,171.03,172.23,171.03,171.83
2019-03-13,171.83,173.18,171.83,172.69
2019-03-14,172.69,172.77,171.83,172.76
2019-03-15,172.76,172.98,171.78,172.11
2019-03-18,172.11,172.6,170.41,171.23
2019-03-19,171.23,171.6,170.18,170.73
2019-03-20,170.73,172.37,169.6,171.46
2019-03-21,171.46,174.57,171.12,174.52
2019-03-22,174.59,176.11,173.68,173.69
2019-03-25,173.69,174.47,173.01,173.79
2019-03-26,173.79,174.97,173.79,174.96
2019-03-27,174.96,175.36,173.29,174.35
2019-03-28,174.35,175.61,173.93,175.6
2019-03-29,175.6,175.88,174.73,175.41
2019-04-01,175.41,175.68,173.24,174.92
2019-04-02,174.92,176.71,173.85,176.42
2019-04-03,176.42,176.96,174.92,176.23
2019-04-04,176.46,176.46,174.93,175.72
2019-04-05,175.72,177.18,175.45,177.06
2019-04-08,177.06,177.15,175.62,176.17
2019-04-09,176.17,176.3,175.37,175.61
2019-04-10,175.61,176.9,175.61,176.89
2019-04-11,176.89,177.6,175.95,176.64
2019-04-12,176.64,177.59,175.19,177.59
2019-04-15,177.59,177.65,176.01,176.53
2019-04-16,176.53,176.62,171.48,172.32
2019-04-17,172.32,173.02,170.05,170.61
2019-04-18,170.42,172.25,169.98,171.89
2019-04-22,171.89,171.89,168.55,170.09
2019-04-23,170.09,172.41,170.09,171.99
2019-04-24,171.99,173.8,171.99,173.32
2019-04-25,173.32,173.57,171.78,173.02
2019-04-26,173.02,174.31,172.85,174.2
2019-04-29,174.2,174.55,172.17,172.35
2019-04-30,172.35,174.58,171.31,174.4
2019-05-01,174.4,176.43,174.14,174.47
2019-05-02,174.47,176.46,174.45,174.73
2019-05-03,174.73,176.12,174.51,175.89
2019-05-06,175.89,175.89,174.02,175.14
2019-05-07,175.14,175.14,170.86,172.02
2019-05-08,172.02,173.69,172.02,172.1
2019-05-09,172.1,172.83,170.6,172.66
2019-05-10,172.66,175.04,172.18,174.62
2019-05-13,174.62,174.83,173.1,174.62
2019-05-14,174.62,175.92,174.62,175.23
2019-05-15,175.23,176.95,174.6,176.36
2019-05-16,176.36,177.9,176.12,177.29
2019-05-17,177.29,177.29,175.99,176.99
2019-05-20,176.99,176.99,173.47,174.13
2019-05-21,174.13,175.99,174.13,175.59
2019-05-22,175.59,176.45,175.41,176.31
2019-05-23,176.31,177.33,175.52,177.21
2019-05-24,177.21,178.58,177.21,177.48
2019-05-28,177.48,178.57,175.51,175.52
2019-05-29,175.52,175.65,172.89,173.5
2019-05-30,173.5,175.2,173.5,174.62
2019-05-31,174.62,177.06,174.05,175.97
2019-06-03,175.97,176.99,175.26,176.75
2019-06-04,176.75,176.75,174.29,175.76
2019-06-05,175.76,179.9,175.76,179.85
2019-06-06,179.85,180.39,178.93,180.11
2019-06-07,180.11,181.72,180.11,180.59
2019-06-10,180.59,180.94,179.23,180.04
2019-06-11,180.04,180.65,179.07,180.36
2019-06-12,180.36,181.69,180.28,180.83
2019-06-13,180.83,181.16,180.25,180.99
2019-06-14,180.99,182.24,180.99,181.58
2019-06-17,181.58,183.83,181.58,183.62
2019-06-18,183.62,185.28,182.3,183
2019-06-19,183,184.79,181.98,184.24
2019-06-20,184.24,185.85,184.24,185.22
2019-06-21,185.22,185.22,182.36,183.19
2019-06-24,183.19,183.98,182.02,182.35
2019-06-25,182.35,183.14,179.83,179.89
2019-06-26,179.89,179.89,175.75,176.37
2019-06-27,176.37,178.12,176.37,177.66
2019-06-28,177.66,179.03,177.5,178.19
2019-07-01,178.19,178.93,175.68,177.67
2019-07-02,177.67,181.01,177.67,180.91
2019-07-03,180.91,183.61,180.91,183.56
2019-07-05,183.56,183.56,179.82,182.53
2019-07-08,182.53,183.66,182.18,183.21
2019-07-09,183.21,184.41,182.69,184.17
2019-07-10,184.17,185.46,183.82,185.13
2019-07-11,185.13,185.13,182.06,182.88
2019-07-12,182.88,183.03,181.47,182.16
2019-07-15,182.16,183.55,182,182.39
2019-07-16,182.39,182.67,181.61,182.06
2019-07-17,182.06,183,180.22,181.32
2019-07-18,181.32,181.57,179.8,181.06
2019-07-19,181.06,181.5,177.91,178
2019-07-22,178,178.53,177.22,177.92
2019-07-23,177.92,179.72,177.75,179.72
2019-07-24,179.72,180.13,178.95,179.59
2019-07-25,179.59,179.59,178.03,178.72
2019-07-26,178.72,179.75,177.99,179.31
2019-07-29,179.31,181.23,179.31,180.14
2019-07-30,180.14,182.38,180.14,181.74
2019-07-31,181.74,183.4,180.12,181.2
2019-08-01,181.2,183.13,180,181.6
2019-08-02,181.6,183.92,181.31,182.98
2019-08-05,182.98,182.98,177.27,179.41
2019-08-06,179.41,182.36,179.19,181.52
2019-08-07,181.52,184.45,178.92,183.22
2019-08-08,183.22,186.2,182.02,186.09
2019-08-09,186.09,186.8,184.32,186.22
2019-08-12,186.22,186.67,184.88,185.66
2019-08-13,185.72,186.59,184.3,186.06
2019-08-14,186.06,186.06,182.88,183.13
2019-08-15,183.13,185.82,183.13,185.57
2019-08-16,185.57,187.21,185.51,186.74
2019-08-19,186.74,188.79,186.74,188.42
2019-08-20,188.42,188.95,186.89,186.89
2019-08-21,186.89,188.21,186.75,187.83
2019-08-22,187.83,188.86,186.67,188.63
2019-08-23,188.63,189.92,185.56,186.2
2019-08-26,186.2,188.12,186.2,188.1
2019-08-27,188.1,189.35,187.35,187.36
2019-08-28,187.36,188.27,187.19,188
2019-08-29,188,189.63,188,189.37
2019-08-30,189.37,190.11,188.77,189.55
2019-09-03,189.55,192.02,189.11,192.02
2019-09-04,192.02,193.81,192.02,193.65
2019-09-05,193.65,193.65,191.24,191.83
2019-09-06,191.83,193.04,191.64,192.24
2019-09-09,192.24,192.24,190.21,190.57
2019-09-10,190.57,190.57,186.58,187.97
2019-09-11,187.97,187.97,186.46,187.37
2019-09-12,187.37,189.48,186.89,188.42
2019-09-13,188.42,188.69,185.43,186.02
2019-09-16,186.02,187.99,185.82,187.91
2019-09-17,187.91,190.57,187.91,190.54
2019-09-18,190.54,191.18,188.19,189.94
2019-09-19,189.94,191.07,189.77,190.47
2019-09-20,190.47,191.08,189.74,189.84
2019-09-23,189.84,191.18,189.41,190.29
2019-09-24,190.29,191.45,189.31,190.09
2019-09-25,190.09,190.72,189.33,189.94
2019-09-26,189.94,192.09,189.94,191.66
2019-09-27,191.66,191.71,188.71,190.15
2019-09-30,190.15,191.36,190.15,190.45
2019-10-01,190.45,190.53,188.03,188.51
2019-10-02,188.51,188.87,186.42,187.5
2019-10-03,187.5,190.16,187.3,189.71
2019-10-04,189.71,191.05,189.71,190.86
2019-10-07,190.86,191.12,189.41,190.24
2019-10-08,190.24,190.92,188.46,189.33
2019-10-09,189.33,190.72,189.33,189.91
2019-10-10,189.91,190.71,188.91,190.26
2019-10-11,190.26,191.38,189.61,189.71
2019-10-14,189.71,190.04,189.24,189.97
2019-10-15,189.97,190.36,188.61,190.2
2019-10-16,190.2,190.2,188.72,189.97
2019-10-17,189.97,191.75,189.97,191.25
2019-10-18,191.25,193.47,191.25,193.13
2019-10-21,193.13,194.48,192.58,194.48
2019-10-22,194.48,195.07,193.55,193.72
2019-10-23,193.72,194.41,192.48,194.05
2019-10-24,194.05,194.32,192.84,193.52
2019-10-25,193.52,193.52,190.6,190.99
2019-10-28,190.99,190.99,188.65,188.93
2019-10-29,188.93,190.74,188.93,189.66
2019-10-30,189.66,190.84,188.43,190.84
2019-10-31,190.84,191.28,189.56,190.15
2019-11-01,190.15,190.97,187.7,189.61
2019-11-04,189.61,189.61,187.34,187.61
2019-11-05,187.61,187.61,183.21,184.31
2019-11-06,184.31,185.86,184.31,185.06
2019-11-07,185.06,185.06,182.37,183.07
2019-11-08,183.07,183.93,182.23,182.64
2019-11-11,182.64,183.65,182.57,183.05
2019-11-12,183.05,184.13,181.44,181.59
2019-11-13,181.59,183.92,181.59,183.54
2019-11-14,183.54,185.09,183.54,185.08
2019-11-15,185.08,186.16,184.85,186.16
2019-11-18,186.16,187.94,186.16,187.09
2019-11-19,187.09,187.88,186.73,187.44
2019-11-20,187.44,187.91,186.36,187.49
2019-11-21,187.49,187.49,184.82,184.88
2019-11-22,184.88,185.53,183.14,183.89
2019-11-25,183.89,185.41,183.81,183.99
2019-11-26,183.99,186.64,183.99,186.63
2019-11-27,186.63,187.27,185.85,187.23
2019-11-29,187.23,187.9,186.36,186.41
2019-12-02,186.41,186.41,183.14,183.15
2019-12-03,183.15,184.92,183.15,184.51
2019-12-04,184.51,186.02,183.87,185.62
2019-12-05,185.62,185.73,184.51,185.72
2019-12-06,185.72,186.71,185.71,185.91
2019-12-09,185.91,186.59,185.32,186.16
2019-12-10,186.16,186.71,184.32,184.89
2019-12-11,184.89,185.09,182.73,183.5
2019-12-12,183.5,183.77,180.39,180.84
2019-12-13,180.84,181.62,179.49,181.16
2019-12-16,181.16,182.95,180.23,182.54
2019-12-17,182.54,182.96,180.11,180.42
2019-12-18,180.42,183.25,180.42,182.82
2019-12-19,182.82,184.8,182.6,184.77
2019-12-20,184.77,186.6,184.77,185.98
2019-12-23,185.98,186.69,184.67,184.97
2019-12-24,184.97,185.66,184.6,185.29
2019-12-26,185.29,186.3,185.18,186.29
2019-12-27,186.29,187.08,186.14,186.94
2019-12-30,186.94,186.94,185.77,186.7
2019-12-31,186.7,187.9,186.29,187.89
2020-01-02,187.89,188.46,184.83,185.4
2020-01-03,185.4,187.29,184.42,186.9
2020-01-06,186.9,187.66,186.29,187.06
2020-01-07,187.06,187.06,183.9,184.82
2020-01-08,184.82,186.11,184.39,185.6
2020-01-09,185.6,186.16,185.23,185.72
2020-01-10,185.72,187.6,185.72,187.48
2020-01-13,187.48,189.8,187.48,189.8
2020-01-14,189.8,189.8,187.85,188.86
2020-01-15,188.86,190.73,188.86,190.33
2020-01-16,190.33,191.85,190.17,191.83
2020-01-17,191.83,192.81,191.68,192.09
2020-01-21,192.09,194.24,191.82,194.15
2020-01-22,194.15,195.08,192.25,192.62
2020-01-23,192.62,194.5,192.09,194.48
2020-01-24,194.48,195.11,193.38,194.03
2020-01-27,194.03,194.03,192.69,193.22
2020-01-28,193.22,194.46,193.12,193.8
2020-01-29,193.8,194.54,192.52,192.59
2020-01-30,192.59,193.28,191.76,193.1
2020-01-31,193.1,193.1,189.9,190.47
2020-02-03,190.47,192.31,190.42,190.72
2020-02-04,190.72,193.76,190.72,192.99
2020-02-05,192.99,193.65,192.39,192.85
2020-02-06,192.85,194.17,192.85,193.62
2020-02-07,193.62,193.99,193.28,193.72
2020-02-10,193.72,196.1,193.72,196.1
2020-02-11,196.1,199.82,196.1,198.49
2020-02-12,198.49,200.17,197.97,199.82
2020-02-13,199.82,201.16,199.27,200.82
2020-02-14,200.82,203.05,200.82,203.05
2020-02-18,203.05,203.17,201.6,202.73
2020-02-19,202.73,202.82,199.98,199.98
2020-02-20,199.98,202.34,199.65,202.28
2020-02-21,202.28,203.44,201.81,203.05
2020-02-24,203.05,203.05,199.55,200.33
2020-02-25,200.33,201.53,194.65,195.17
2020-02-26,195.17,197.1,193.3,193.46
2020-02-27,193.46,193.46,182.64,182.65
2020-02-28,182.65,182.65,173.04,178.02
2020-03-02,178.02,187.04,178.02,187.02
2020-03-03,187.02,191.49,185.23,186.82
2020-03-04,186.82,194.37,186.82,194.27
2020-03-05,194.27,194.27,187.59,189.69
2020-03-06,189.69,189.69,180.34,186.48
2020-03-09,186.48,186.48,173.12,173.15
2020-03-10,173.15,181.87,171.47,181.79
2020-03-11,181.79,181.79,170.24,171.9
2020-03-12,171.9,171.9,154.17,156.95
2020-03-13,156.95,170.75,156.95,170.5
2020-03-16,170.5,170.5,141.97,142.28
2020-03-17,142.28,155.84,142.09,152.16
2020-03-18,152.16,152.16,137.11,140.81
2020-03-19,140.81,142.57,135.3,138.92
2020-03-20,138.92,142.93,130.2,131.31
2020-03-23,131.31,131.31,121.14,124.01
2020-03-24,129.73,134.95,127.58,134.62
2020-03-25,134.62,147.87,133.8,140.66
2020-03-26,140.66,151.88,140.66,151.65
2020-03-27,151.65,155.11,146.63,151.54
2020-03-30,151.54,156.18,149.15,155.68
2020-03-31,155.68,155.68,147.08,150.61
2020-04-01,150.61,150.61,138.28,141.41
2020-04-02,141.41,145.35,139.33,143.3
2020-04-03,143.3,144.42,139.6,142.22
2020-04-06,142.22,153.04,142.22,152.47
2020-04-07,152.47,159.89,152.47,152.65
2020-04-08,152.65,164.7,152.65,163.95
2020-04-09,163.95,174.42,163.95,172.4
2020-04-13,172.4,172.4,163.47,164.49
2020-04-14,164.49,170.45,164.49,169.84
2020-04-15,169.84,169.84,161.97,163.37
2020-04-16,163.37,164.84,161.37,162.4
2020-04-17,162.4,168.19,162.4,167.63
2020-04-20,167.63,167.63,161.36,161.37
2020-04-21,161.37,161.37,156.97,158.77
2020-04-22,158.77,162.85,158.77,161.8
2020-04-23,161.8,163.01,159.46,159.87
2020-04-24,159.87,161.09,158.63,160.34
2020-04-27,160.34,165.54,160.34,165.14
2020-04-28,165.14,169.83,165.08,165.18
2020-04-29,165.18,168.9,165.18,165.76
2020-04-30,165.76,165.76,161.78,164.66
2020-05-01,164.66,164.66,158.4,159.33
2020-05-04,159.33,159.42,155.68,159.31
2020-05-05,159.31,162.44,159.31,160.3
2020-05-06,160.3,161.46,157.35,157.35
2020-05-07,157.35,160.64,157.35,158.68
2020-05-08,158.68,161.96,158.68,161.65
2020-05-11,161.65,162.11,159.01,159.69
2020-05-12,159.69,160.35,152.9,152.9
2020-05-13,152.9,153.73,149.71,150.44
2020-05-14,150.44,150.6,145.57,150.58
2020-05-15,150.58,150.58,147.21,149.92
2020-05-18,149.92,158.54,149.92,157.31
2020-05-19,157.31,157.31,154.37,154.39
2020-05-20,154.39,156.07,154.39,155.71
2020-05-21,155.71,156.19,153.73,154.87
2020-05-22,154.87,158.34,154.36,158.29
2020-05-26,158.29,164.33,158.29,163.3
2020-05-27,163.3,166.81,162.65,166.81
2020-05-28,166.81,168.94,166.77,168.87
2020-05-29,168.87,168.87,166.19,167.52
2020-06-01,167.52,172.33,167.22,171.05
2020-06-02,171.05,172.8,170.29,172.17
2020-06-03,172.17,177.26,172.17,176.31
2020-06-04,176.31,176.31,171.62,173.13
2020-06-05,173.13,180.51,173.13,179.36
2020-06-08,179.36,183.24,179.36,183.22
2020-06-09,183.22,183.22,178.99,181.17
2020-06-10,181.17,181.17,176.7,177.71
2020-06-11,177.71,177.71,166.59,166.59
2020-06-12,166.59,172.47,166.59,171.85
2020-06-15,171.85,174.4,166.95,173.6
2020-06-16,173.6,179.51,173.6,176.64
2020-06-17,176.64,177.82,174.63,174.63
2020-06-18,174.63,174.63,171.56,172.3
2020-06-19,172.3,174.42,169.25,170.52
2020-06-22,170.52,170.56,167.88,170.09
2020-06-23,170.09,171.89,169.19,169.49
2020-06-24,169.49,169.49,161.7,164.99
2020-06-25,164.99,166.81,163.83,166.77
2020-06-26,166.77,167.15,163.73,163.75
2020-06-29,163.75,166.53,163.27,166.53
2020-06-30,166.53,169.76,166.53,169.18
2020-07-01,169.18,174.13,169.18,173.53
2020-07-02,173.53,176.19,172.39,172.95
2020-07-06,172.95,176.36,172.93,173.25
2020-07-07,173.25,173.25,170.39,170.47
2020-07-08,170.47,171.45,168.9,170.19
2020-07-09,170.19,170.29,166.93,169.63
2020-07-10,169.63,170.61,168.94,169.9
2020-07-13,169.9,170.73,166.96,167.13
2020-07-14,167.13,169.24,166.94,168.76
2020-07-15,168.76,171.49,168.61,169.61
2020-07-16,169.61,169.61,167.19,167.6
2020-07-17,167.6,170.7,167.45,169.95
2020-07-20,169.95,170.93,167.75,168.24
2020-07-21,168.24,170.04,167.84,168.26
2020-07-22,168.26,170.35,167.05,170.35
2020-07-23,170.35,170.97,167.67,169.52
2020-07-24,169.52,170.17,168.48,168.84
2020-07-27,168.84,170.88,167.19,170.73
2020-07-28,170.73,175.03,170.56,174.23
2020-07-29,174.23,177.53,174.23,177.53
2020-07-30,177.53,177.53,173.81,176.05
2020-07-31,176.05,176.07,173.39,175.77
2020-08-03,175.77,175.77,172.58,173.19
2020-08-04,173.19,176.18,172.95,175.54
2020-08-05,175.54,176.63,173.84,174.42
2020-08-06,174.42,174.93,173.43,174.59
2020-08-07,174.59,177.12,173.91,176.95
2020-08-10,176.95,177.84,176,176.66
2020-08-11,176.66,178.27,172.77,173.36
2020-08-12,173.36,175.93,173.36,175.65
2020-08-13,175.65,176.25,173.24,173.5
2020-08-14,173.5,175.15,173.22,173.74
2020-08-17,173.74,175.3,173.26,175.28
2020-08-18,175.28,175.66,173.96,175.02
2020-08-19,175.02,175.44,171.25,171.49
2020-08-20,171.49,174.11,170.44,173.34
2020-08-21,173.34,174.37,171.72,173.77
2020-08-24,173.77,174.2,171.66,174.19
2020-08-25,174.19,174.77,173.18,174.72
2020-08-26,174.72,174.72,172.28,173.42
2020-08-27,173.42,176.25,173.42,175.8
2020-08-28,175.8,177.08,174.42,177.07
2020-08-31,177.07,177.07,174.99,175.58
2020-09-01,175.58,175.58,173.77,175.31
2020-09-02,175.31,179.39,174.09,179.23
2020-09-03,179.23,180.08,174.94,176.29
2020-09-04,176.29,177.76,172.56,175.47
2020-09-08,175.47,175.47,172.07,173.22
2020-09-09,173.22,177.48,173.22,175.35
2020-09-10,175.35,175.52,172.71,172.77
2020-09-11,172.77,173.42,170.93,172.29
2020-09-14,172.29,176.52,172.29,176.02
2020-09-15,176.02,179.98,176.02,178.46
2020-09-16,178.46,181.25,178.46,179.42
2020-09-17,179.42,179.42,174.33,175.5
2020-09-18,175.5,175.5,171.69,172.06
2020-09-21,172.06,172.06,166.51,167.36
2020-09-22,167.36,170.7,167.36,169.47
2020-09-23,169.47,169.47,164.28,164.53
2020-09-24,164.53,167.36,163.98,165.14
2020-09-25,165.14,168.54,164.19,168.37
2020-09-28,168.37,172.05,168.37,171.24
2020-09-29,171.24,171.32,169.19,170.25
2020-09-30,170.25,172.61,169.39,171.18
2020-10-01,171.18,173.88,170.61,173.85
2020-10-02,173.85,177.14,171.23,176.6
2020-10-05,176.6,177.82,174.03,177.65
2020-10-06,177.65,178.57,175.58,176.28
2020-10-07,176.28,177.73,176.02,176.77
2020-10-08,176.77,180.23,176.77,179.58
2020-10-09,179.58,180.6,178.3,179.03
2020-10-12,179.03,180.31,178.26,179.91
2020-10-13,179.91,179.91,175.91,176.86
2020-10-14,176.86,177.1,174.56,174.8
2020-10-15,174.8,177.05,173.71,175.61
2020-10-16,175.61,176.04,174.39,174.88
2020-10-19,174.88,175.7,172.02,172.16
2020-10-20,172.16,174.65,172.16,173.42
2020-10-21,173.42,173.82,172.37,172.78
2020-10-22,172.78,172.87,171.24,171.48
2020-10-23,171.48,173.13,171.34,172.64
2020-10-26,172.64,172.64,168.97,170.55
2020-10-27,170.55,171.66,168.42,168.43
2020-10-28,168.43,168.43,164,164.37
2020-10-29,164.37,167.94,163.66,166.58
2020-10-30,166.58,166.58,163.42,165.35
2020-11-02,165.35,169.56,165.35,169.56
2020-11-03,169.81,173.22,169.81,172.35
2020-11-04,172.35,175.76,171.89,172.8
2020-11-05,172.8,174.95,172.59,173.34
2020-11-06,173.34,174.63,171.96,172.6
2020-11-09,172.6,189.12,172.6,177.11
2020-11-10,177.11,178.99,176.43,178.06
2020-11-11,178.06,180.43,177.57,179.42
2020-11-12,179.42,179.81,176.48,177.58
2020-11-13,177.58,181.96,177.58,181.63
2020-11-16,181.63,184.95,180.54,182.58
2020-11-17,182.58,183.48,180.31,182.79
2020-11-18,182.79,184.57,179.71,179.71
2020-11-19,179.71,180.3,177.42,179.94
2020-11-20,179.94,180.19,178.2,178.77
2020-11-23,178.77,180.12,177.86,178.18
2020-11-24,178.18,180.84,177.88,178.15
2020-11-25,178.15,178.85,177.05,178.53
2020-11-27,178.53,179.25,177.49,178.12
2020-11-30,178.12,178.12,175.81,176.67
2020-12-01,176.67,179.46,176.67,178.91
2020-12-02,178.91,179.41,176.83,176.92
2020-12-03,176.92,179.07,176.92,178.22
2020-12-04,178.22,180.69,178.22,180.59
2020-12-07,180.59,180.68,178.27,178.89
2020-12-08,178.89,179.25,177.89,178
2020-12-09,178,178.41,175.23,176.27
2020-12-10,176.27,177.05,174.82,175.41
2020-12-11,175.41,175.44,173.47,175.4
2020-12-14,175.4,177.6,173.76,173.86
2020-12-15,172.64,176.89,172.64,176.87
2020-12-16,176.87,178.11,175.91,176.9
2020-12-17,176.9,179.15,176.9,179.03
2020-12-18,179.03,179.12,174.55,175.76
2020-12-21,175.76,175.76,172.61,174.36
2020-12-22,174.36,175.49,173.75,175.43
2020-12-23,175.43,176.92,173.71,173.76
2020-12-24,173.76,175.23,173.76,175.21
2020-12-28,175.21,176.83,175.05,176.71
2020-12-29,176.71,178.25,175.38,175.46
2020-12-30,175.46,177.5,175.3,176.09
2020-12-31,176.09,178.39,174.85,178.33
2021-01-04,178.33,178.93,172.43,172.45
2021-01-05,172.45,173.85,172.17,172.32
2021-01-06,172.32,172.5,170.52,171.37
2021-01-07,171.37,172.5,170.75,171.9
2021-01-08,171.9,174.3,171.9,173.77
2021-01-11,173.77,173.77,170.4,170.89
2021-01-12,170.89,171.18,168.85,170.99
2021-01-13,170.99,173.66,170.99,173.37
2021-01-14,173.37,175.54,173.01,174.44
2021-01-15,174.44,177.39,173.72,176.99
2021-01-19,176.99,178.02,175.62,176.03
2021-01-20,176.03,180.29,175.53,179.51
2021-01-21,179.51,179.51,177.3,178.9
2021-01-22,178.9,179.87,177.98,179.44
2021-01-25,179.44,182.1,178.67,180.92
2021-01-26,180.92,183.39,180.92,182.98
2021-01-27,182.98,183.55,179.41,180.44
2021-01-28,180.44,183.19,179.36,181.02
2021-01-29,181.02,181.68,178.02,179.17
2021-02-01,179.17,183.24,178.03,183.23
2021-02-02,183.23,184.82,182.81,183.98
2021-02-03,183.98,183.98,180.79,183.3
2021-02-04,183.3,185.34,183.05,184.2
2021-02-05,184.2,185.12,184.03,184.84
2021-02-08,184.84,185.26,183.62,185.25
2021-02-09,185.25,186.63,185.06,186.12
2021-02-10,186.12,188.57,186.12,187.24
2021-02-11,187.24,188.11,186.02,187.02
2021-02-12,187.02,187.4,185.32,186.91
2021-02-16,186.91,187.23,184.01,184.93
2021-02-17,184.93,185.34,183.73,185.07
2021-02-18,185.07,185.19,184.23,185.03
2021-02-19,185.03,186.79,185.03,185.47
2021-02-22,185.47,187.23,184.54,186.47
2021-02-23,186.47,188.07,186.47,187.06
2021-02-24,187.06,188.67,186.51,188.09
2021-02-25,188.09,189.31,183.78,185.1
2021-02-26,185.1,185.4,181.68,181.73
2021-03-01,181.73,185.02,181.73,182.02
2021-03-02,182.02,182.02,179.36,180.72
2021-03-03,180.72,180.8,178.35,178.61
2021-03-04,178.61,180.62,175.52,177.23
2021-03-05,177.23,180.05,174.67,179.27
2021-03-08,179.27,182.34,178.53,180.22
2021-03-09,180.22,183.4,180.22,182.14
2021-03-10,182.14,185.02,182.07,183.93
2021-03-11,183.93,188.01,183.93,186.7
2021-03-12,186.7,189.56,186.13,189.51
2021-03-15,189.51,192.17,188.59,191.74
2021-03-16,191.74,192.54,190.81,191.7
2021-03-17,191.7,191.7,189.67,191.39
2021-03-18,191.39,191.39,188.66,189.98
2021-03-19,189.98,190.77,187.57,187.58
2021-03-22,187.58,190.2,187.05,189.67
2021-03-23,189.67,191.56,189.35,190.33
2021-03-24,190.33,191.26,188.76,189.32
2021-03-25,189.32,191.16,187.43,190.81
2021-03-26,190.81,195.65,190.81,195.51
2021-03-29,195.51,196.04,192.83,195.17
2021-03-30,195.17,195.17,193.76,194.22
2021-03-31,194.22,195.33,192.28,193.27
2021-04-01,193.27,196.38,193.27,196.32
2021-04-05,196.32,197.56,195.59,197.51
2021-04-06,197.51,197.87,196.25,197.86
2021-04-07,197.86,198.66,196.41,198.15
2021-04-08,198.15,199.1,196.93,197.04
2021-04-09,197.04,197.64,196.52,197.31
2021-04-12,197.31,198.43,196.04,198.4
2021-04-13,198.4,199.81,198.01,199.65
2021-04-14,199.65,200.55,198.15,198.27
2021-04-15,198.27,202.19,198.27,202.15
2021-04-16,202.15,203.1,201.94,202.49
2021-04-19,202.49,203.12,201.3,203.08
2021-04-20,203.08,205.89,202.58,205.36
2021-04-21,205.36,206.65,205.14,206.19
2021-04-22,206.19,207.16,205.11,205.41
2021-04-23,205.41,207.13,205.27,206.61
2021-04-26,206.61,208.14,206.48,207.03
2021-04-27,207.03,207.62,206.57,206.98
2021-04-28,206.98,207.73,206.14,206.27
2021-04-29,206.27,208.25,206.27,207.68
2021-04-30,207.68,209.33,206.87,208.96
2021-05-03,208.96,209.33,207.71,207.97
2021-05-04,207.97,208.81,205.49,206.7
2021-05-05,206.7,206.7,202.83,203.56
2021-05-06,203.56,204.92,203.03,204.65
2021-05-07,204.65,207.23,204.64,207.12
2021-05-10,207.12,209.79,207.12,207.84
2021-05-11,207.84,207.84,203.72,205.53
2021-05-12,205.53,205.53,200.45,200.66
2021-05-13,200.66,204.23,200.66,203.02
2021-05-14,203.02,205.76,203.02,205.07
2021-05-17,205.07,205.55,204.4,205.06
2021-05-18,205.06,206.61,203.68,205.4
2021-05-19,205.4,205.4,201.95,204.55
2021-05-20,204.55,207.92,204.12,207.29
2021-05-21,207.29,207.93,206.48,206.93
2021-05-24,206.93,210.01,206.93,209.12
2021-05-25,209.12,210.42,208.23,209.76
2021-05-26,209.76,211.51,209.46,210.23
2021-05-27,210.23,210.92,209.68,209.9
2021-05-28,209.9,211.99,209.9,211.25
2021-06-01,211.25,214.83,211.25,214.82
2021-06-02,214.82,217.95,214.79,217.84
2021-06-03,217.84,217.84,216.06,217.39
2021-06-04,217.39,218.25,216.58,217.67
2021-06-07,217.67,220.48,217.67,219.66
2021-06-08,219.66,221.49,219.66,220.78
2021-06-09,220.78,222.02,220.78,221.13
2021-06-10,221.13,223.73,220.6,223.23
2021-06-11,223.23,223.23,220.93,221.91
2021-06-14,221.91,222.86,221.31,222.85
2021-06-15,222.85,222.85,220.51,220.54
2021-06-16,220.54,221.75,218.52,218.6
2021-06-17,218.6,219.51,217.55,219.35
2021-06-18,219.35,219.4,216.03,216.06
2021-06-21,216.06,220.69,216.06,220.21
2021-06-22,220.21,220.27,219.13,219.24
2021-06-23,219.24,219.76,218.28,218.44
2021-06-24,218.44,219.23,216.54,217.46
2021-06-25,217.46,218.95,217.1,218.87
2021-06-28,218.87,219.24,217.35,219.04
2021-06-29,219.04,220.22,218.49,218.73
2021-06-30,218.73,219.81,216.78,217.07
2021-07-01,217.07,219.4,216.17,217.74
2021-07-02,217.74,219.5,217.74,218.87
2021-07-06,218.87,220.94,217.41,220.73
2021-07-07,220.73,222.73,219.61,221.9
2021-07-08,221.9,222.32,220.05,221.72
2021-07-09,221.72,224.74,221.72,224.65
2021-07-12,224.65,226.83,224.34,226.58
2021-07-13,226.58,226.58,222.95,223.59
2021-07-14,223.59,226.22,223.32,225.58
2021-07-15,225.58,226.24,225.14,225.89
2021-07-16,225.89,227.7,225.89,226.12
2021-07-19,226.12,226.12,220.85,222.54
2021-07-20,222.54,227.38,222.54,226.72
2021-07-21,226.72,227.36,225.68,225.92
2021-07-22,225.92,225.92,223.28,224.37
2021-07-23,224.37,226.59,224.37,226.34
2021-07-26,226.34,226.52,224.5,226.34
2021-07-27,226.34,228.4,225.54,228.18
2021-07-28,228.18,228.41,226.18,226.75
2021-07-29,226.75,228.66,226.02,226.22
2021-07-30,226.22,229.63,226.22,226.95
2021-08-02,226.95,229.44,226.73,226.96
2021-08-03,226.96,228.21,226.45,227.97
2021-08-04,227.97,228.99,226.15,227.19
2021-08-05,227.19,229.07,227.04,229.06
2021-08-06,229.06,229.86,228.09,228.53
2021-08-09,228.53,228.53,227,227.58
2021-08-10,227.58,227.86,224.95,225.1
2021-08-11,225.1,226.69,225.1,226.21
2021-08-12,226.21,227.09,225.68,227
2021-08-13,227,228.56,226.83,228.54
2021-08-16,228.54,229.66,227.94,228.82
2021-08-17,228.82,229.19,227.19,229.14
2021-08-18,229.14,229.14,226.5,226.66
2021-08-19,226.66,228.96,225.5,228.75
2021-08-20,228.75,230.74,227.13,229.79
2021-08-23,229.79,230.41,228.46,228.87
2021-08-24,228.87,229.24,226.65,227.22
2021-08-25,227.22,228.06,226.12,226.82
2021-08-26,226.82,227.73,226.22,227.04
2021-08-27,227.04,229.56,227.04,229.01
2021-08-30,229.01,231.78,228.77,231.65
2021-08-31,231.65,233.32,230.49,233.08
2021-09-01,233.08,237.23,233.08,237.01
2021-09-02,237.01,238.06,235.29,238.05
2021-09-03,238.05,238.49,235.37,238.16
2021-09-07,238.16,238.16,233.34,235.46
2021-09-08,235.46,237.45,234.15,236.76
2021-09-09,236.76,236.76,231.74,231.74
2021-09-10,231.74,231.85,228.81,228.89
2021-09-13,228.89,232.01,228.89,229.99
2021-09-14,229.99,231.03,228.09,229.21
2021-09-15,229.21,231.3,228.48,230.15
2021-09-16,230.15,231.35,228.45,230.5
2021-09-17,230.5,230.53,228.04,228.32
2021-09-20,228.32,228.43,224.19,226.9
2021-09-21,226.9,229.5,226.76,226.78
2021-09-22,226.78,229.98,226.78,228.86
2021-09-23,228.86,229.93,227.31,227.63
2021-09-24,227.63,227.91,224.37,224.88
2021-09-27,224.88,225.83,220.95,221.04
2021-09-28,221.04,221.04,218.11,219.67
2021-09-29,219.67,222.08,219.67,221.13
2021-09-30,221.13,222.06,217.56,217.6
2021-10-01,217.6,221.36,217.32,219.86
2021-10-04,219.86,220.87,218.41,220.07
2021-10-05,220.07,220.07,217.38,218.18
2021-10-06,218.18,220.58,215.02,220.32
2021-10-07,220.32,223.58,220.32,220.65
2021-10-08,220.65,220.65,217.89,218.18
2021-10-11,218.18,219.43,216.96,218.56
2021-10-12,218.56,222.38,218.56,221.48
2021-10-13,221.48,222.84,219.47,222.69
2021-10-14,222.69,226.06,222.69,225.8
2021-10-15,225.8,227.8,224.54,225.86
2021-10-18,225.86,227.22,224.82,226.36
2021-10-19,226.36,228.3,226.36,227.26
2021-10-20,227.26,230.83,227.26,230.78
2021-10-21,230.78,231.73,230.09,231.61
2021-10-22,231.61,233.69,231.61,233.13
2021-10-25,233.13,234.43,231.76,233.86
2021-10-26,233.86,235.71,233.86,234.94
2021-10-27,234.94,236.17,233.22,233.23
2021-10-28,233.23,236.65,233.23,236.65
2021-10-29,236.65,236.65,232.84,233.83
2021-11-01,233.83,234.79,230.54,234.3
2021-11-02,234.3,237.32,234.3,236.48
2021-11-03,236.48,238.35,235.55,237.91
2021-11-04,237.91,238.07,234.26,235.19
2021-11-05,235.19,238.65,235.19,235.73
2021-11-08,235.73,236.25,233.65,235.69
2021-11-09,235.69,236.91,235.69,236.53
2021-11-10,236.53,237.33,235.36,235.37
2021-11-11,235.37,235.56,233.72,235.49
2021-11-12,235.49,236.35,234.76,235.63
2021-11-15,235.34,236.78,234.63,236.76
2021-11-16,236.76,237.18,234.89,235.23
2021-11-17,235.23,237.11,231.9,236.75
2021-11-18,236.75,237.24,235.75,236.81
2021-11-19,236.81,237.34,235,235.5
2021-11-22,235.5,236.48,233.9,234.32
2021-11-23,234.32,237.43,234.13,236.88
2021-11-24,236.88,240.28,236.34,239.91
2021-11-26,239.91,239.91,233.24,233.46
2021-11-29,233.46,238.17,233.46,236.57
2021-11-30,236.57,236.57,231.56,231.56
2021-12-01,231.56,236.53,228.42,228.45
2021-12-02,228.45,236.09,228.45,234.55
2021-12-03,234.55,236.08,231.6,233.6
2021-12-06,233.6,238.82,233.6,236.82
2021-12-07,236.82,241.38,236.82,240.96
2021-12-08,240.96,242.72,240.45,242.09
2021-12-09,242.09,242.09,238.7,238.79
2021-12-10,238.79,240.26,238.67,240
2021-12-13,240,244.26,239,243.16
2021-12-14,243.16,243.16,238.38,240.06
2021-12-15,240.06,244,240.06,243.61
2021-12-16,243.61,246.18,243.14,244.59
2021-12-17,244.59,246.65,243.5,243.86
2021-12-20,243.86,243.86,239.69,242.11
2021-12-21,242.11,245.06,242.11,243.65
2021-12-22,243.65,246.08,243.65,245.97
2021-12-23,245.97,246.44,243.75,245.07
2021-12-27,245.07,250.09,245.07,250.08
2021-12-28,250.08,251.31,249.35,251.15
2021-12-29,251.15,253.3,250.54,252.76
2021-12-30,252.76,254.52,252.46,253.66
2021-12-31,253.66,255.84,253.37,254.11
2022-01-03,254.11,254.69,247.98,251.67
2022-01-04,251.67,253.54,250.54,250.71
2022-01-05,250.71,250.71,242.49,242.64
2022-01-06,242.64,243.57,239.8,242.88
2022-01-07,242.88,243.19,240.52,241.55
2022-01-10,241.55,241.55,236.68,240.11
2022-01-11,240.11,240.15,236.31,239.73
2022-01-12,239.73,242.03,239.73,240.42
2022-01-13,240.42,241.72,239.21,239.59
2022-01-14,239.59,239.59,234.1,236.76
2022-01-18,236.76,236.76,232.97,235.09
2022-01-19,235.09,237.75,232.19,232.23
2022-01-20,232.23,235.65,229.9,230.11
2022-01-21,230.11,232.72,229.42,230.01
2022-01-24,230.01,230.91,222.5,230.41
2022-01-25,230.41,231.44,225.72,229.81
2022-01-26,229.81,233.8,224.42,225.99
2022-01-27,225.99,229,221.1,222.03
2022-01-28,222.03,229.53,219.91,229.53
2022-01-31,229.53,232.44,227.93,232.41
2022-02-01,232.41,232.52,229.13,230.69
2022-02-02,230.69,234.99,230.69,234.52
2022-02-03,234.52,234.52,231.83,231.94
2022-02-04,231.94,231.94,227.27,229.01
2022-02-07,229.01,230.45,228.33,228.81
2022-02-08,228.81,229,226.61,226.98
2022-02-09,226.98,232.48,226.98,232.38
2022-02-10,232.38,232.38,224.51,225.73
2022-02-11,225.73,227.1,221.4,222.69
2022-02-14,222.69,223.86,219.37,220.41
2022-02-15,220.41,223.17,220.41,221.28
2022-02-16,221.28,222.41,219.62,221.83
2022-02-17,221.83,221.94,219.26,219.68
2022-02-18,219.68,221.26,218.21,218.68
2022-02-22,218.68,219.67,216.92,218.15
2022-02-23,218.15,221.41,215.12,215.27
2022-02-24,215.27,219.71,210.92,219.11
2022-02-25,219.11,224.72,218.99,224.57
2022-02-28,224.57,224.57,218.41,220.59
2022-03-01,220.59,222.91,218.96,220.09
2022-03-02,220.09,224.86,220.09,224.12
2022-03-03,224.12,227.36,223.59,226.57
2022-03-04,226.57,228.45,224.46,228.43
2022-03-07,228.43,228.54,224.32,224.33
2022-03-08,224.33,226.51,222.06,222.35
2022-03-09,222.35,227.9,222.35,225.62
2022-03-10,225.62,226.85,222.38,226.43
2022-03-11,226.43,229.07,224.3,224.33
2022-03-14,224.33,225.77,221.75,222.69
2022-03-15,222.69,225.87,222.27,224.25
2022-03-16,224.25,227.74,222.16,226.79
2022-03-17,226.79,229.92,225.81,229.88
2022-03-18,229.88,231.31,228.95,230.37
2022-03-21,230.37,231.55,228.08,229.17
2022-03-22,229.17,230.85,229,229.29
2022-03-23,229.29,229.4,226.51,226.92
2022-03-24,226.92,228.38,226.14,228.36
2022-03-25,228.36,231.24,228.36,231.18
2022-03-28,231.18,234.19,231.18,234.15
2022-03-29,234.15,241.26,234.15,240.81
2022-03-30,239.58,240.05,238.15,239.45
2022-03-31,239.45,241.12,236.64,236.64
2022-04-01,236.64,241.53,236.64,241.42
2022-04-04,241.42,242.04,238.61,240.67
2022-04-05,240.67,244.02,240.16,240.81
2022-04-06,240.81,244.75,238.88,244.55
2022-04-07,244.55,244.55,240.85,242.44
2022-04-08,242.44,244.09,241.42,243.25
2022-04-11,243.25,243.82,239.35,239.96
2022-04-12,239.96,241.16,238.16,239.13
2022-04-13,239.13,240.33,238.14,240.12
2022-04-14,240.12,241.57,238.63,238.72
2022-04-18,238.72,239.72,236.9,238.06
2022-04-19,238.06,243.75,238.06,243.11
2022-04-20,243.11,248.36,243.11,247.6
2022-04-21,247.6,249.39,246.01,246.04
2022-04-22,246.04,246.04,241.56,241.68
2022-04-25,241.68,241.76,236.79,240.52
2022-04-26,240.52,241.65,236.8,236.94
2022-04-27,236.94,239.12,235.25,235.38
2022-04-28,235.38,240.43,233.99,239.73
2022-04-29,239.73,239.73,227.64,228
2022-05-02,228,229.37,217.74,222.19
2022-05-03,222.19,226.42,221.48,224.96
2022-05-04,224.96,227.75,221.26,227.41
2022-05-05,227.41,227.93,220.16,221.65
2022-05-06,221.65,221.65,217.03,219.39
2022-05-09,219.39,219.39,208.54,209.26
2022-05-10,209.26,213,203.34,204.47
2022-05-11,204.47,208.79,203.95,204.14
2022-05-12,204.14,205.71,202.55,205.65
2022-05-13,205.65,211,205.65,210.91
2022-05-16,210.91,211.16,209,209.22
2022-05-17,209.22,211.43,208.58,211.41
2022-05-18,211.41,211.41,204.55,205.18
2022-05-19,205.18,207.05,203.92,204.76
2022-05-20,204.76,207.5,204.01,207.2
2022-05-23,207.2,210.3,206.01,209.72
2022-05-24,209.72,212.47,206.11,212.25
2022-05-25,212.25,214.13,210.98,213.44
2022-05-26,213.44,215.72,212.79,213.23
2022-05-27,213.23,219.28,213.23,219.25
2022-05-31,219.25,219.25,215.07,216.3
2022-06-01,216.3,216.78,211.65,213.93
2022-06-02,213.93,217.18,209.78,217.07
2022-06-03,217.07,217.07,213.96,214.37
2022-06-06,214.37,216.04,213.18,213.74
2022-06-07,213.74,216.34,211.25,216.2
2022-06-08,216.2,216.2,210.43,210.95
2022-06-09,210.95,211.74,206.07,206.12
2022-06-10,206.12,206.12,201.13,201.17
2022-06-13,201.17,201.17,190.7,191.56
2022-06-14,191.56,192.15,188.41,189.62
2022-06-15,189.62,196.58,189.62,194.05
2022-06-16,194.05,194.05,188.3,189.09
2022-06-17,189.09,192.91,188.79,190.3
2022-06-21,190.3,195.44,190.3,193.89
2022-06-22,193.89,199.58,191.85,196.89
2022-06-23,196.89,201.39,196.89,200.83
2022-06-24,200.83,205.18,200.83,204.98
2022-06-27,204.98,206.9,203.49,204.45
2022-06-28,204.45,206.83,201.27,201.6
2022-06-29,201.6,201.6,197.41,200.07
2022-06-30,200.07,202.61,197.67,200.13
2022-07-01,200.13,204.27,199.69,203.86
2022-07-05,203.86,203.86,198.09,202.85
2022-07-06,202.85,205.41,202.35,202.88
2022-07-07,202.88,205.04,202.25,203.01
2022-07-08,203.01,203.3,201.02,201.89
2022-07-11,201.89,202.56,200.09,201.91
2022-07-12,201.91,202.88,199.35,200.73
2022-07-13,200.73,201.21,197.27,199.63
2022-07-14,199.63,199.63,196.31,197.63
2022-07-15,197.63,202.03,197.63,200.99
2022-07-18,200.99,202.23,198.19,198.83
2022-07-19,198.83,204.53,198.83,204.46
2022-07-20,204.46,206.21,202.72,203.38
2022-07-21,203.38,205.44,202.03,205.44
2022-07-22,205.44,208.14,205.44,207.06
2022-07-25,207.06,208.37,206.11,207.2
2022-07-26,207.2,208.9,206.83,207.62
2022-07-27,207.62,209.1,206.36,208.76
2022-07-28,208.76,216.66,208.76,216.48
2022-07-29,216.48,218.13,215.55,217.13
2022-08-01,217.13,217.13,214.46,215.19
2022-08-02,215.19,215.86,212.26,212.4
2022-08-03,212.4,215.29,212.4,213.26
2022-08-04,213.26,214.3,212.2,213.53
2022-08-05,213.53,214.23,211.14,214.2
2022-08-08,214.2,217.72,214.2,215.71
2022-08-09,215.71,217.31,215.43,217.3
2022-08-10,217.3,220.68,217.3,220.43
2022-08-11,220.43,221.86,218.6,219.22
2022-08-12,219.22,223.13,219.22,222.98
2022-08-15,222.98,224.57,222.3,224.04
2022-08-16,224.04,224.29,222.44,223.11
2022-08-17,223.11,223.69,220.87,222.45
2022-08-18,222.45,222.97,219.69,220.79
2022-08-19,220.79,220.79,218.03,218.66
2022-08-22,218.66,218.66,213.99,214.08
2022-08-23,214.08,214.08,210.15,210.96
2022-08-24,210.96,213.69,210.96,212.46
2022-08-25,212.46,215.85,212.46,215.77
2022-08-26,215.77,215.77,210.25,210.3
2022-08-29,210.3,210.61,208.03,208.46
2022-08-30,208.46,209.25,204.93,205.44
2022-08-31,205.44,207.73,204.32,204.73
2022-09-01,204.73,205.48,201.82,205.45
2022-09-02,205.45,207.6,201.56,202
2022-09-06,202,204.99,201.93,204.05
2022-09-07,204.05,208.27,204.05,207.98
2022-09-08,207.98,208.92,206.17,208.4
2022-09-09,208.4,211.17,208.04,210.35
2022-09-12,210.35,212.51,210.35,212.15
2022-09-13,212.15,212.15,203.38,204.01
2022-09-14,204.01,204.01,199.73,201.17
2022-09-15,201.17,201.17,196.54,196.66
2022-09-16,196.66,196.82,194.41,196.73
2022-09-19,196.73,196.73,193.26,196.3
2022-09-20,196.3,196.3,190.33,191.26
2022-09-21,191.26,193.83,188.26,188.26
2022-09-22,188.26,188.26,185.81,186.48
2022-09-23,186.48,186.48,182.03,184.05
2022-09-26,184.05,184.05,177.3,179.22
2022-09-27,179.22,182.14,176.55,176.92
2022-09-28,176.92,180.91,176.76,180.23
2022-09-29,180.23,180.23,174.01,175.05
2022-09-30,175.05,178.06,175.05,176.79
2022-10-03,176.79,181.17,176.77,180.08
2022-10-04,180.08,184.56,180.08,183.01
2022-10-05,183.01,183.01,176.78,179.52
2022-10-06,179.52,179.52,173.49,173.78
2022-10-07,173.78,173.78,168.44,169.45
2022-10-10,169.45,171.18,167.23,167.43
2022-10-11,167.43,170.38,165.39,169.14
2022-10-12,169.14,169.14,166.01,166.79
2022-10-13,166.79,170.68,162.6,169.86
2022-10-14,169.86,172.23,165.33,165.46
2022-10-17,165.46,172.43,165.46,171.9
2022-10-18,171.9,176.33,171.9,174.08
2022-10-19,174.08,174.08,168.78,169.63
2022-10-20,169.63,171.39,168.39,168.93
2022-10-21,168.93,170.08,166.59,170.07
2022-10-24,170.07,172.18,168.64,169.93
2022-10-25,169.93,176.87,169.93,176.62
2022-10-26,176.62,177.94,175.27,176.35
2022-10-27,176.35,178.4,175.7,176.35
2022-10-28,176.35,181.08,174.97,180.57
2022-10-31,180.57,181.27,178.43,180.17
2022-11-01,180.17,182.8,179.33,179.78
2022-11-02,179.78,181.1,174.84,175.08
2022-11-03,175.08,176.42,171.9,175.1
2022-11-04,175.1,178.23,173.91,177.37
2022-11-07,177.37,179.06,176.31,177.24
2022-11-08,177.24,180.24,177.24,178.38
2022-11-09,178.38,180.05,176.22,176.44
2022-11-10,176.44,190.49,176.44,190.11
2022-11-11,190.11,192.08,189.45,189.91
2022-11-14,189.91,189.91,184.87,184.88
2022-11-15,184.88,188.13,184.88,187.17
2022-11-16,187.17,187.7,185.27,185.58
2022-11-17,185.58,185.58,182.54,184.05
2022-11-18,184.05,187.04,184.05,186.43
2022-11-21,186.43,187.96,185.45,187.76
2022-11-22,187.76,188.73,187.26,188.63
2022-11-23,188.63,189.73,187.3,188.91
2022-11-25,188.91,190.21,188.91,190.12
2022-11-28,190.12,190.12,184.35,184.8
2022-11-29,184.8,188.08,184.62,187.96
2022-11-30,187.96,192.35,186.27,192.34
2022-12-01,192.34,194.93,190.29,191.75
2022-12-02,191.75,191.82,188.67,190.95
2022-12-05,190.95,190.95,187.27,187.67
2022-12-06,187.67,188.29,185.33,186.19
2022-12-07,186.19,188.55,185.5,186.67
2022-12-08,186.67,189.24,186.61,187.79
2022-12-09,187.79,189.43,186.99,187.41
2022-12-12,187.41,189.11,185.92,189.09
2022-12-13,189.09,195.57,189.09,192.95
2022-12-14,192.95,194.85,190.24,191
2022-12-15,191,191,187.57,188.55
2022-12-16,188.55,188.55,181.17,182.96
2022-12-19,182.96,182.96,179.76,180.91
2022-12-20,180.91,181.49,178.36,180.42
2022-12-21,180.42,183.97,180.42,182.07
2022-12-22,182.07,182.07,178.08,181.34
2022-12-23,181.34,182.98,180.06,182.94
2022-12-27,182.94,183.26,181.05,182.68
2022-12-28,182.68,183.98,179.59,179.77
2022-12-29,179.77,183.98,179.77,183.65
2022-12-30,183.65,183.65,179.74,181.82
2023-01-03,181.82,184.77,180.19,182.39
2023-01-04,182.39,188.25,182.39,186.56
2023-01-05,186.56,186.56,180.87,181.16
2023-01-06,181.16,187.01,181.16,186.34
2023-01-09,186.34,188.46,185.8,186.24
2023-01-10,186.24,186.9,184.46,186.88
2023-01-11,186.88,193.64,186.88,193.61
2023-01-12,193.61,196.12,192.2,195.71
2023-01-13,195.71,195.71,193.21,194.52
2023-01-17,194.52,195.83,194.23,194.68
2023-01-18,194.68,195.81,191.42,191.65
2023-01-19,191.65,193.14,190.67,190.78
2023-01-20,190.78,193.1,188.49,193.06
2023-01-23,193.06,194.73,191.62,193.53
2023-01-24,193.53,195.02,190.08,194.31
2023-01-25,194.31,194.79,192.65,194.53
2023-01-26,194.53,196.66,194.53,196.66
2023-01-27,196.66,199.31,196.21,198.51
2023-01-30,198.51,199.19,196,196.06
2023-01-31,196.06,199.93,195.81,199.74
2023-02-01,199.74,202.42,196.78,201.19
2023-02-02,201.19,207.6,201.19,205.68
2023-02-03,205.68,205.68,198.85,201.5
2023-02-06,201.5,201.5,197.82,200.13
2023-02-07,200.13,200.45,196.89,199.51
2023-02-08,199.51,199.62,197.93,198.93
2023-02-09,198.93,200.84,196.41,196.92
2023-02-10,196.92,197.86,194.94,197.44
2023-02-13,197.44,199.42,197.44,199.05
2023-02-14,199.05,199.64,195.87,196.99
2023-02-15,196.99,197.51,195.31,197.5
2023-02-16,197.5,197.5,193.02,195.66
2023-02-17,195.66,195.66,192.87,194.78
2023-02-21,194.78,194.78,190.01,190.96
2023-02-22,190.96,191.48,188.25,189.02
2023-02-23,189.02,191.27,189.02,190.87
2023-02-24,190.87,190.87,186.48,187.41
2023-02-27,187.41,190.46,186.79,187.68
2023-02-28,187.68,189.98,187.21,187.61
2023-03-01,187.61,187.61,183.68,184.82
2023-03-02,184.82,187.39,183.3,187.07
2023-03-03,187.07,190.68,187.07,190.32
2023-03-06,190.32,191.2,189.19,189.55
2023-03-07,189.55,189.55,184.65,184.81
2023-03-08,184.81,188.41,184.77,187.25
2023-03-09,187.25,187.76,182.58,182.95
2023-03-10,182.95,182.98,176.45,176.99
2023-03-13,176.99,182.47,175.88,179.84
2023-03-14,179.84,183.06,179.24,181.34
2023-03-15,181.34,182,178.79,181.36
2023-03-16,181.36,182.07,178.11,181.24
2023-03-17,181.24,181.24,177.08,177.14
2023-03-20,177.14,179.63,176.69,179.02
2023-03-21,179.02,180.3,176.07,177.85
2023-03-22,177.85,177.85,171.32,171.37
2023-03-23,171.37,174.35,169.84,170.31
2023-03-24,170.31,174.74,169.11,174.7
2023-03-27,174.7,176.3,173.84,174.06
2023-03-28,174.06,174.46,172.37,173.61
2023-03-29,173.61,177.74,173.61,177.62
2023-03-30,177.62,180.27,177.62,179.78
2023-03-31,179.78,183.75,179.78,183.71
2023-04-03,183.71,184.45,180.92,181.97
2023-04-04,181.97,182.78,180.83,182
2023-04-05,182,182.9,180.92,181.04
2023-04-06,181.04,182.29,180.07,182.29
2023-04-10,182.29,183.19,180.35,183.18
2023-04-11,183.18,185.54,182.82,184.02
2023-04-12,184.02,186.01,183.24,183.46
2023-04-13,183.46,183.55,181.01,182.72
2023-04-14,182.72,183.69,178.36,179.65
2023-04-17,179.65,183.67,179.65,183.65
2023-04-18,183.65,183.78,182.38,183.37
2023-04-19,183.37,184.95,181.92,184.38
2023-04-20,184.38,184.38,181.51,182.19
2023-04-21,182.19,183.22,180.99,182.5
2023-04-24,182.5,183.18,180.58,181.94
2023-04-25,181.94,181.94,180.19,180.28
2023-04-26,180.28,181.62,178.4,178.79
2023-04-27,178.79,183.55,178.79,183.13
2023-04-28,183.13,185.83,182.87,185.24
2023-05-01,185.24,185.57,183.32,183.53
2023-05-02,183.53,183.53,179.26,180.35
2023-05-03,180.35,182.64,179.14,179.28
2023-05-04,179.28,181.98,178.61,180.93
2023-05-05,180.93,184.02,180.93,183.7
2023-05-08,183.7,183.92,181.79,182.44
2023-05-09,182.44,182.44,179.79,181.7
2023-05-10,181.7,184.25,181.7,183.49
2023-05-11,183.49,183.49,180.49,181.62
2023-05-12,181.62,182.18,180.45,181.89
2023-05-15,181.89,182.51,180.9,181.47
2023-05-16,181.47,181.47,176.71,176.72
2023-05-17,176.72,179.26,176.27,179
2023-05-18,179,179,176.42,177.79
2023-05-19,177.79,179.55,176.78,177.52
2023-05-22,177.52,179.85,176.85,178.71
2023-05-23,178.71,179.69,176.29,176.42
2023-05-24,176.42,176.42,172.32,172.52
2023-05-25,172.52,174.3,171.77,173
2023-05-26,173,175.37,172.67,175.02
2023-05-30,175.02,177.8,175.02,175.5
2023-05-31,175.5,176.93,174.5,176.65
2023-06-01,176.65,177.58,174.94,176.71
2023-06-02,176.71,181.03,176.71,180.39
2023-06-05,180.39,181.32,179.13,179.46
2023-06-06,179.46,180.92,178.94,180.64
2023-06-07,180.64,184.27,180.32,183.81
2023-06-08,183.81,183.81,180.66,182.66
2023-06-09,182.66,183.01,180.73,181.62
2023-06-12,181.62,181.69,180.05,181.67
2023-06-13,181.67,182.99,180.92,182.79
2023-06-14,182.79,184.57,181.87,183.37
2023-06-15,183.37,184.34,181.27,184
2023-06-16,184,185.51,183.54,183.79
2023-06-20,183.79,183.79,180.57,181.75
2023-06-21,181.75,181.75,179.53,180.94
2023-06-22,180.94,181.07,177.28,178.34
2023-06-23,178.34,178.92,176.36,176.38
2023-06-26,176.38,180.44,176.22,180.28
2023-06-27,180.28,182.7,179.86,182.28
2023-06-28,182.28,183.04,181.13,182.67
2023-06-29,182.67,184.27,181.16,184.25
2023-06-30,184.25,186.2,182.83,185.19
2023-07-03,185.19,187.6,184.22,186.76
2023-07-05,186.76,188.76,185.05,187.63
2023-07-06,187.63,187.63,183.05,186.5
2023-07-07,186.5,186.77,184.88,185.57
2023-07-10,185.57,186.38,184.71,186.22
2023-07-11,186.22,188.45,186.07,188.39
2023-07-12,188.39,190.83,188.39,189.21
2023-07-13,189.21,190.56,187.95,190.49
2023-07-14,190.49,190.58,189.18,190.45
2023-07-17,190.45,190.54,188.74,188.87
2023-07-18,188.87,189.02,185.7,187.32
2023-07-19,187.32,190.62,187.32,189.41
2023-07-20,189.41,189.41,186.06,188.66
2023-07-21,188.66,190.11,188.66,189.49
2023-07-24,189.49,191.4,189.49,191.38
2023-07-25,191.38,191.96,189.91,189.95
2023-07-26,189.95,190.96,189.49,190.61
2023-07-27,190.61,192.4,186.55,186.55
2023-07-28,186.55,189.23,185.91,186.08
2023-07-31,186.08,188.38,186.08,187.38
2023-08-01,187.38,187.91,186.43,187.15
2023-08-02,187.15,187.15,185.19,186.32
2023-08-03,186.32,186.32,181.25,183.8
2023-08-04,183.8,184.86,181.43,181.98
2023-08-07,181.98,184.28,181.98,184.19
2023-08-08,184.19,184.19,181.57,183.35
2023-08-09,183.35,184.59,182.32,183.71
2023-08-10,183.71,185.46,182.61,183.14
2023-08-11,183.14,183.7,181.96,183.48
2023-08-14,183.48,183.48,181.95,182.49
2023-08-15,182.49,182.49,180.22,180.55
2023-08-16,180.55,180.81,178.22,178.37
2023-08-17,178.37,179.87,177.01,177.04
2023-08-18,177.04,178.01,175.53,177.53
2023-08-21,177.53,177.53,174.57,175.97
2023-08-22,175.97,177.11,175.87,176.47
2023-08-23,176.47,179.24,176.47,179.05
2023-08-24,179.05,181.52,178.26,178.32
2023-08-25,178.32,179.65,177.83,178.8
2023-08-28,178.8,181.02,178.8,180.18
2023-08-29,180.18,182.33,179.59,182.26
2023-08-30,182.26,183.44,182.1,182.89
2023-08-31,182.89,182.93,181.3,181.5
2023-09-01,181.5,182.83,180.85,181.38
2023-09-05,181.38,181.38,179.59,179.65
2023-09-06,179.65,179.97,177.73,179.24
2023-09-07,179.24,181.22,178.75,180.51
2023-09-08,180.51,180.91,179.09,179.38
2023-09-11,179.38,179.94,178.55,179.42
2023-09-12,179.42,179.6,177.89,179.36
2023-09-13,179.36,179.36,177.06,177.51
2023-09-14,177.51,180.83,177.51,180.55
2023-09-15,180.55,180.55,179.13,179.63
2023-09-18,179.63,179.69,177.77,178.17
2023-09-19,178.17,178.61,176.67,177.17
2023-09-20,177.17,179.43,177.17,177.4
2023-09-21,177.4,177.4,171.17,171.23
2023-09-22,171.23,172.35,169.8,170
2023-09-25,170,170,168.52,169.71
2023-09-26,169.71,169.71,166.18,166.69
2023-09-27,166.69,168.06,164.55,165.32
2023-09-28,165.32,167.29,165.32,166.72
2023-09-29,166.72,169.62,166.42,167.31
2023-10-02,167.31,167.5,163.31,164.38
2023-10-03,164.38,164.38,160.83,161.26
2023-10-04,161.26,163.14,160.23,163.09
2023-10-05,163.09,164.31,162.2,164.18
2023-10-06,164.18,165.8,161.26,164.74
2023-10-09,164.74,167.34,163.81,166.88
2023-10-10,166.88,168.83,165.89,167.39
2023-10-11,167.39,170.82,167.39,170.76
2023-10-12,170.76,170.76,167.66,168.53
2023-10-13,168.53,169.71,167.7,168.46
2023-10-16,168.46,170.66,167.74,170.19
2023-10-17,170.19,171.51,168.21,169.27
2023-10-18,169.27,169.27,165.57,165.58
2023-10-19,165.58,165.58,161.38,161.53
2023-10-20,161.53,162.96,160.63,160.66
2023-10-23,160.66,161.39,158.83,159.3
2023-10-24,159.3,161.68,159.3,161.2
2023-10-25,161.2,161.2,157.5,157.87
2023-10-26,157.87,162.36,157.87,161.26
2023-10-27,161.26,161.38,158.15,158.68
2023-10-30,158.68,160.39,156.95,159.16
2023-10-31,159.16,162.48,159.06,162.4
2023-11-01,162.4,163.33,161.42,163.23
2023-11-02,163.23,168.96,163.23,168.28
2023-11-03,168.28,174.69,168.28,172.24
2023-11-06,172.24,172.24,168.92,169.8
2023-11-07,169.8,169.8,168.18,168.32
2023-11-08,168.32,169.71,168.32,169.29
2023-11-09,169.29,169.77,166.49,166.73
2023-11-10,166.73,168.83,166.39,168.57
2023-11-13,168.57,168.57,166.18,167.18
2023-11-14,167.18,177.42,167.18,176.08
2023-11-15,176.08,177.96,175.94,176.37
2023-11-16,176.37,177.25,175.93,176.42
2023-11-17,176.42,177.8,175.59,176.08
2023-11-20,176.08,177.51,174.55,177.47
2023-11-21,177.47,177.47,176.22,176.64
2023-11-22,176.64,178.5,176.56,177.29
2023-11-24,177.29,177.94,176.1,177.93
2023-11-27,177.93,179.57,177.41,178.6
2023-11-28,178.6,179.7,177.38,179.52
2023-11-29,179.52,182.26,179.52,180.83
2023-11-30,180.83,182.43,180.13,182.33
2023-12-01,182.33,186.26,181.82,186.18
2023-12-04,186.18,187.23,184.87,187.17
2023-12-05,187.17,187.17,185.21,186.32
2023-12-06,186.32,188.23,185.61,185.69
2023-12-07,185.69,186.64,185.04,185.86
2023-12-08,185.86,186.04,183.55,185.43
2023-12-11,185.43,186.37,184.66,186.04
2023-12-12,186.04,186.45,184.89,185.95
2023-12-13,185.95,193.27,185.56,192.6
2023-12-14,192.6,198.91,192.6,197.66
2023-12-15,197.66,197.66,193.44,195.2
2023-12-18,195.2,196,194.3,194.51
2023-12-19,194.51,196.43,194.51,195.87
2023-12-20,195.87,197.14,193.26,193.29
2023-12-21,193.29,195.48,193.04,195.07
2023-12-22,195.07,197.07,194.93,195.7
2023-12-26,195.7,197.68,195.66,197.23
2023-12-27,197.23,198.18,196.63,198.14
2023-12-28,198.14,199.22,197.63,199.19
2023-12-29,199.19,199.19,196.76,196.86
2024-01-02,196.86,198.8,195.67,198.69
2024-01-03,198.69,198.69,193.7,194.01
2024-01-04,194.01,194.94,192.86,193.49
2024-01-05,193.49,194.76,191.43,193.12
2024-01-08,193.12,195.97,192.67,195.87
2024-01-09,195.87,195.87,193.29,194.44
2024-01-10,194.44,195.61,194.06,194.7
2024-01-11,194.7,194.7,192.03,192.84
2024-01-12,192.84,195.24,192.84,194.34
2024-01-16,194.34,194.35,192.55,193.16
2024-01-17,193.16,193.16,187.63,189.54
2024-01-18,189.54,190.33,187.2,188.38
2024-01-19,188.38,190.89,187.5,190.2
2024-01-22,190.2,193.12,190.2,191.03
2024-01-23,191.03,192.28,189.41,190.06
2024-01-24,190.06,191.96,187.33,187.48
2024-01-25,187.48,190.64,187.48,189.93
2024-01-26,189.93,190.64,188.83,189.23
2024-01-29,189.23,190.7,188.75,190.51
2024-01-30,190.51,190.51,188.45,188.77
2024-01-31,188.77,190.98,186.92,187.43
2024-02-01,187.43,190.71,186.27,190.71
2024-02-02,190.71,190.71,185.12,188.3
2024-02-05,188.3,188.3,183.98,184.55
2024-02-06,184.55,187.55,184.34,187.3
2024-02-07,187.3,188.25,186.17,187.19
2024-02-08,187.19,188.65,186.56,188.25
2024-02-09,188.25,188.84,186.54,188.78
2024-02-12,188.78,189.86,187.76,188.08
2024-02-13,188.08,188.08,182.15,184.63
2024-02-14,184.63,186.96,184.41,185.93
2024-02-15,185.93,190.55,185.93,190.32
2024-02-16,190.32,190.32,187.3,188.43
2024-02-20,188.43,189.04,186.76,188.1
2024-02-21,188.1,189.66,188.1,189.45
2024-02-22,189.45,190.9,189.41,189.91
2024-02-23,189.91,191.12,189.63,190.1
2024-02-26,190.1,190.71,187.74,187.93
2024-02-27,188.96,189.66,187.47,188
2024-02-28,188,191.25,187.13,190.41
2024-02-29,190.41,192.97,190.41,192.03
2024-03-01,192.03,194.22,189.55,194.11
2024-03-04,194.11,196.37,192.3,196.18
2024-03-05,196.18,196.76,192.97,193.76
2024-03-06,193.76,195.34,193.76,194.82
2024-03-07,194.82,196.1,193.61,194.73
2024-03-08,194.73,197.39,194.73,196.93
2024-03-11,196.93,197.57,195.05,195.97
2024-03-12,195.97,196.06,193.67,195.25
2024-03-13,195.25,196.01,193.51,194.08
2024-03-14,194.08,194.08,189.28,190.95
2024-03-15,190.95,191.18,189.51,190.78
2024-03-18,190.78,191.95,190.52,190.75
2024-03-19,190.75,191.38,189.57,190.76
2024-03-20,190.76,191.94,188.55,191.49
2024-03-21,192.3,193.23,191.06,192.32
2024-03-22,192.32,192.39,189.7,189.94
2024-03-25,189.94,190.73,189.03,189.15
2024-03-26,189.15,189.61,188.28,188.29
2024-03-27,188.29,192.89,188.29,192.85
2024-03-28,192.85,194.52,192.85,194.18
2024-04-01,194.18,194.27,190.46,190.74
2024-04-02,190.74,190.74,187.96,188.6
2024-04-03,188.6,189.07,187.59,188.71
2024-04-04,188.71,191.25,186.73,187.24
2024-04-05,187.24,188.88,186.43,188.45
2024-04-08,188.45,190.21,188.45,190
2024-04-09,190,192.49,190,192.45
2024-04-10,192.45,192.45,183.41,184.56
2024-04-11,184.56,185.91,183.04,184.61
2024-04-12,184.61,184.61,181.98,182.68
2024-04-15,182.68,183.82,178.29,179.44
2024-04-16,179.44,179.44,176.18,176.69
2024-04-17,176.69,177.02,175.25,175.29
2024-04-18,175.29,176.3,174.47,175.33
2024-04-19,175.33,176.78,175.3,176.03
2024-04-22,176.03,177.81,175.51,177.38
2024-04-23,177.38,179.58,177.38,178.92
2024-04-24,178.92,180.01,177.43,179.66
2024-04-25,179.66,179.66,176.76,178.72
2024-04-26,178.72,180.55,178.57,178.85
2024-04-29,178.85,181.14,178.85,180.78
2024-04-30,180.78,180.78,177.37,177.44
2024-05-01,177.44,180.68,176.92,177.66
2024-05-02,177.66,180.33,177.25,180.1
2024-05-03,180.1,183.96,180.1,181.58
2024-05-06,181.58,182.84,180.67,181.54
2024-05-07,181.54,183.91,181.54,183.47
2024-05-08,183.47,183.47,181.37,181.82
2024-05-09,181.82,186.15,181.82,186.02
2024-05-10,186.02,186.24,184.74,185.28
2024-05-13,185.28,186.88,184.83,185.82
2024-05-14,185.82,188.04,185.82,187.09
2024-05-15,187.09,190.84,187.09,190.25
2024-05-16,190.25,191.17,189.86,189.97
2024-05-17,189.97,190.41,189.32,189.95
2024-05-20,189.95,190.1,188.6,188.66
2024-05-21,188.66,188.94,187.85,188.56
2024-05-22,188.56,188.77,186.4,186.94
2024-05-23,186.94,186.94,182.85,182.91
2024-05-24,182.91,183.8,182.77,182.93
2024-05-28,182.93,184.55,181.68,181.78
2024-05-29,181.78,181.78,179.44,180.1
2024-05-30,180.1,182.82,180.1,182.82
2024-05-31,182.82,186.38,182.82,186.23
2024-06-03,186.23,186.97,184.63,185.57
2024-06-04,185.57,188.08,185.42,187.33
2024-06-05,187.33,187.35,186.16,187.06
2024-06-06,187.06,187.52,185.56,187.42
2024-06-07,187.42,187.42,184.4,185.81
2024-06-10,185.81,187.39,184.29,186.64
2024-06-11,186.64,187.04,185.63,186.13
2024-06-12,186.13,190.81,186.13,187.4
2024-06-13,187.4,188.89,186.9,188.31
2024-06-14,188.31,188.52,186.44,188.02
2024-06-17,188.02,188.02,185.68,186.71
2024-06-18,186.71,188.16,186.71,187.39
2024-06-20,187.39,187.45,186.46,186.91
2024-06-21,186.91,187.63,185.99,187.42
2024-06-24,187.42,190.68,187.28,188.73
2024-06-25,188.73,188.73,185.28,186.06
2024-06-26,186.06,186.37,184.75,185.82
2024-06-27,185.82,187.73,185.73,187.54
2024-06-28,187.54,189.4,187.31,188.71
2024-07-01,188.71,188.75,185.72,186.84
2024-07-02,186.84,187.98,186.56,187.59
2024-07-03,187.59,188.75,187.32,187.52
2024-07-05,187.52,188.31,186.77,188.12
2024-07-08,188.12,188.85,187.71,188.44
2024-07-09,188.44,189.19,186.68,188.57
2024-07-10,188.57,189.95,187.97,189.94
2024-07-11,189.94,195.8,189.94,195
2024-07-12,195,197.65,195,196.34
2024-07-15,196.34,197.47,195.67,197.13
2024-07-16,197.13,199.2,197.05,199.16
2024-07-17,199.16,201.94,199.16,200.77
2024-07-18,200.77,203,198.72,199.14
2024-07-19,199.14,199.82,198.1,198.9
2024-07-22,198.9,201.07,198.16,200.84
2024-07-23,200.84,201.91,199.78,200.5
2024-07-24,200.5,201.83,197.67,197.81
2024-07-25,197.81,200.89,196.28,196.68
2024-07-26,196.68,200.61,196.68,199.97
2024-07-29,199.97,201.9,198.72,201.21
2024-07-30,201.21,203.13,201.21,202.73
2024-07-31,202.73,204.49,201.65,202.14
2024-08-01,202.14,205.7,202.14,205.33
2024-08-02,205.33,207.52,203.79,205.52
2024-08-05,205.52,205.54,199.24,199.45
2024-08-06,199.45,205.92,199.25,204.03
2024-08-07,204.03,207.24,202.27,202.4
2024-08-08,202.4,204.4,201.67,204.2
2024-08-09,204.2,205.7,202.94,205.2
2024-08-12,205.2,205.2,202.45,203.87
2024-08-13,203.87,205.57,203.87,205.32
2024-08-14,205.32,207.04,205.02,206.12
2024-08-15,206.12,206.38,204.7,205.42
2024-08-16,205.42,206.07,204.36,205.35
2024-08-19,205.35,206.86,205.29,206.66
2024-08-20,206.66,207.03,205.85,206.79
2024-08-21,206.79,207.68,205.78,207.46
2024-08-22,207.46,208.67,207.09,208.63
2024-08-23,208.63,213.05,208.63,212.8
2024-08-26,212.8,214.1,212.27,212.54
2024-08-27,212.54,213.28,211.16,213.08
2024-08-28,213.08,213.67,211.18,212.32
2024-08-29,212.32,212.32,210.56,211.47
2024-08-30,211.47,213.64,210.91,213.54
2024-09-03,213.54,214.99,212.14,214.11
2024-09-04,214.11,216.64,213.38,214.64
2024-09-05,214.64,216.18,213.35,213.85
2024-09-06,213.85,214.09,212,213.87
2024-09-09,213.87,216.81,213.54,216.33
2024-09-10,216.33,220.22,216.33,220.15
2024-09-11,220.15,220.15,215.73,219.64
2024-09-12,219.64,220.01,217.46,219.86
2024-09-13,219.86,221.26,219.86,221.15
2024-09-16,221.15,222.54,220.99,221.63
2024-09-17,221.63,222.16,219.23,219.76
2024-09-18,219.76,221.86,218.89,219.11
2024-09-19,219.11,220.7,217.37,218.6
2024-09-20,218.6,218.6,217.05,218.25
2024-09-23,218.25,220.77,218.25,220.71
2024-09-24,220.71,221.38,219.08,220.57
2024-09-25,220.57,221.6,219.09,219.68
2024-09-26,219.68,219.97,216.71,217.38
2024-09-27,217.38,219.44,217.38,217.79
2024-09-30,217.79,219.59,216.45,219.45
2024-10-01,219.45,220.12,217.09,218.01
2024-10-02,218.01,218.01,215.79,217.2
2024-10-03,217.2,217.2,214.57,215.07
2024-10-04,215.07,215.07,211.71,213.68
2024-10-07,213.68,213.68,211.11,212.12
2024-10-08,212.12,213.35,211.83,212.72
2024-10-09,212.72,212.88,211.43,212.77
2024-10-10,212.77,213.35,210.23,210.89
2024-10-11,210.89,213.14,210.89,213.11
2024-10-14,213.11,214.88,212.35,214.57
2024-10-15,214.57,218.94,214.57,217.21
2024-10-16,217.21,219.69,217.21,219.41
2024-10-17,219.41,219.41,217.22,217.92
2024-10-18,217.92,219.57,217.68,219.51
2024-10-21,219.51,219.51,214.73,214.94
2024-10-22,214.94,216.16,214.12,215.28
2024-10-23,215.28,217.78,214.8,217.48
2024-10-24,217.48,219.16,217.38,217.95
2024-10-25,217.95,220.67,216.16,216.3
2024-10-28,216.3,218.97,216.3,216.9
2024-10-29,216.9,217.27,214.82,214.86
2024-10-30,214.86,217.21,214.86,215.69
2024-10-31,215.69,215.69,211.95,211.97
2024-11-01,211.97,213.56,209.57,209.66
2024-11-04,209.66,212.28,209.66,212.03
2024-11-05,212.03,214.92,210.39,214.92
2024-11-06,214.92,214.92,206.9,209.25
2024-11-07,209.25,212.32,209.25,211.74
2024-11-08,211.74,215.99,211.74,215.27
2024-11-11,215.27,216.04,213.36,213.53
2024-11-12,213.53,213.74,210.73,210.78
2024-11-13,210.78,213.8,210.78,212.32
2024-11-14,212.32,212.32,210.11,210.34
2024-11-15,210.34,210.94,208.82,210.68
2024-11-18,210.68,212.51,209.38,212.45
2024-11-19,212.45,214,211.03,213.41
2024-11-20,213.41,213.41,211.49,213.02
2024-11-21,213.02,215.1,212.35,214.39
2024-11-22,214.39,216.46,214.39,216.18
2024-11-25,216.18,219.9,216.18,218.95
2024-11-26,218.95,220.44,217.95,220.1
2024-11-27,220.1,222.83,220.1,221.57
2024-11-29,221.57,222.56,220.32,220.41
2024-12-02,220.41,220.41,216.38,217.24
2024-12-03,217.24,217.65,215.73,215.91
2024-12-04,215.91,215.91,214.09,215.26
2024-12-05,215.26,215.26,213.35,214.65
2024-12-06,214.65,215.81,213.46,214.56
2024-12-09,214.56,215.43,213.91,214.75
2024-12-10,214.75,214.75,210.57,211.25
2024-12-11,211.25,212.36,210.15,210.74
2024-12-12,210.74,212.8,210.39,210.57
2024-12-13,210.57,210.57,208.98,209.35
2024-12-16,209.35,210.54,207.93,208.09
2024-12-17,208.09,208.84,206.3,206.98
2024-12-18,206.98,207.33,198.71,198.76
2024-12-19,198.76,200.35,195.27,195.4
2024-12-20,195.4,201.08,195.4,198.95
2024-12-23,198.95,200.19,197.71,199.94
2024-12-24,199.94,201.4,199.27,201.37
2024-12-26,201.37,201.87,199.83,201.65
2024-12-27,201.65,201.94,199.09,199.65
2024-12-30,199.65,199.65,196.84,198.74
2024-12-31,198.74,200.59,198.37,200.25
2025-01-02,200.25,200.48,197.69,198.24
2025-01-03,198.24,201.21,198.11,200.93
2025-01-06,200.93,201.7,197.96,198.11
2025-01-07,198.11,199.84,196.26,196.68
2025-01-08,196.68,197.61,194.9,197.55
2025-01-10,197.55,197.55,192.64,192.69
2025-01-13,192.69,195.24,192.21,195.1
2025-01-14,195.1,197.27,195.1,196.82
2025-01-15,196.82,202.02,196.82,197.69
2025-01-16,197.69,202.26,197.57,202.1
2025-01-17,202.1,203.24,202,202.02
2025-01-21,202.02,205.92,202.02,205.72
2025-01-22,205.72,205.72,201.99,202.09
2025-01-23,202.09,203.76,200.68,203.75
2025-01-24,203.75,205.75,203.05,204.39
2025-01-27,204.39,206.57,203.65,206.43
2025-01-28,206.43,206.43,203.2,203.87
2025-01-29,203.87,204.46,200.65,201.44
2025-01-30,201.44,205.66,201.44,204.18
2025-01-31,204.18,205.76,203.16,203.73
2025-02-03,203.73,204.07,200.06,203.31
2025-02-04,203.31,203.87,201.17,203.32
2025-02-05,203.32,207.04,203.32,206.54
2025-02-06,206.54,207.39,205.69,207.17
2025-02-07,207.17,207.85,205.54,206.31
2025-02-10,206.31,207,204.77,206.69
2025-02-11,206.69,207.86,205.51,207.84
2025-02-12,207.84,207.84,204.11,205.94
2025-02-13,205.94,208.15,205.07,207.67
2025-02-14,207.67,208.92,206.76,206.76
2025-02-18,206.76,208.38,206.01,207.59
2025-02-19,207.59,208.41,206.42,207.93
2025-02-20,207.93,209.68,206.81,209.35
2025-02-21,209.35,209.44,206.54,207.67
2025-02-24,207.67,209.63,206.73,208.41
2025-02-25,208.41,211.68,208.41,210.8
2025-02-26,210.8,211.42,209.02,209.56
2025-02-27,209.56,211.64,209.3,210.38
2025-02-28,210.38,212.42,209.7,212.09
2025-03-03,212.09,214.83,212.09,213.73
2025-03-04,213.73,215.29,210.86,211.14
2025-03-05,211.14,213.81,209.42,213.27
2025-03-06,213.27,213.27,207.15,207.34
2025-03-07,207.82,209.35,206.01,208.58
2025-03-10,208.58,210.44,205.48,206.45
2025-03-11,206.45,207.61,203.11,204.31
2025-03-12,204.31,205.09,202.86,203.53
2025-03-13,203.53,204.6,199.18,199.46
2025-03-14,199.46,203.19,199.46,203.12
2025-03-17,203.12,207.24,203.12,206.47
2025-03-18,206.47,207.38,204.37,205.15
2025-03-19,205.15,206.85,203.59,205.3
2025-03-20,205.3,206.16,204.24,205.11